Year,CO2_emission
2020,4019.246586
2025,4056.947869
2030,3900.56602
2035,2795.357657
2040,1400.893784
2045,308.1725497
2050,-108.9722424
2055,-420.4509238
2060,-563.4711311