,resource,gen_pwh,gen_share
0,l1_ccs,0,0
1,l1_chp,0,0
2,l1_unabated,4.394551144,0.351564092
3,l4_ccs,0,0
4,l4_unabated,0.056940001,0.0045552
5,l2,1.545095575,0.123607646
6,l3,1.092859622,0.08742877
7,wind,3.03244202,0.242595362
8,solar,2.195544088,0.175643527
9,bio,0.24535008,0.019628006
10,re_share,,0.418238889
11,clean_share,,0.648903311
12,wind_curtail,0.0182,
13,solar_curtail,0.018,
14,total_gen,12.56278253,
15,total_demand,12.5,